,repository_name,language
0,.github,.github
1,aegisthus,aegisthus
2,af_tsa,af_tsa
3,aminator,aminator
4,archaius,archaius
5,asgard,asgard
6,astyanax,astyanax
7,atlas,atlas
8,atlas-docs,atlas-docs
9,aws-autoscaling,aws-autoscaling
10,awsobjectmapper,awsobjectmapper
11,batch_request_api,batch_request_api
12,batch_request_client,batch_request_client
13,bbparse,bbparse
14,bettertls,bettertls
15,blesk,blesk
16,bless,bless
17,blitz4j,blitz4j
18,bpftop,bpftop
19,brutal,brutal
20,cachemover,cachemover
21,CassJMeter,CassJMeter
22,chaosmonkey,chaosmonkey
23,Cloud-Prize,Cloud-Prize
24,clove,clove
25,codec_compare,codec_compare
26,concurrency-limits,concurrency-limits
27,conductor,conductor
28,conductor-community,conductor-community
29,conductor-docs,conductor-docs
30,conductor-ui,conductor-ui
31,consoleme,consoleme
32,curator,curator
33,denominator,denominator
34,derand,derand
35,dgs,dgs
36,dgs-codegen,dgs-codegen
37,dgs-examples-java,dgs-examples-java
38,dgs-examples-java-2.7,dgs-examples-java-2.7
39,dgs-examples-java.latest,dgs-examples-java.latest
40,dgs-examples-java16,dgs-examples-java16
41,dgs-examples-kotlin,dgs-examples-kotlin
42,dgs-examples-kotlin-2.7,dgs-examples-kotlin-2.7
43,dgs-examples-webflux,dgs-examples-webflux
44,dgs-federation-example,dgs-federation-example
45,dgs-framework,dgs-framework
46,dgs-intellij-plugin,dgs-intellij-plugin
47,dial-reference,dial-reference
48,dispatch,dispatch
49,dispatch-docker,dispatch-docker
50,dyno,dyno
51,dyno-queues,dyno-queues
52,dynomite,dynomite
53,dynomite-manager,dynomite-manager
54,e2nest,e2nest
55,eclipse-jifa,eclipse-jifa
56,eclipse-mat,eclipse-mat
57,edda,edda
58,edda-client,edda-client
59,element-server,element-server
60,ember-batch-request,ember-batch-request
61,ember-nf-graph,ember-nf-graph
62,ember-nf-graph-examples,ember-nf-graph-examples
63,eslint-config-netflix,eslint-config-netflix
64,eureka,eureka
65,eureka-ui,eureka-ui
66,EVCache,EVCache
67,fabricator,fabricator
68,falcor,falcor
69,falcor-datasource-chainer,falcor-datasource-chainer
70,falcor-express,falcor-express
71,falcor-express-demo,falcor-express-demo
72,falcor-hapi,falcor-hapi
73,falcor-hapi-demo,falcor-hapi-demo
74,falcor-http-datasource,falcor-http-datasource
75,falcor-json-graph,falcor-json-graph
76,falcor-observable,falcor-observable
77,falcor-path-syntax,falcor-path-syntax
78,falcor-path-utils,falcor-path-utils
79,falcor-restify,falcor-restify
80,falcor-restify-demo,falcor-restify-demo
81,falcor-router,falcor-router
82,falcor-router-demo,falcor-router-demo
83,fast_jsonapi,fast_jsonapi
84,Fenzo,Fenzo
85,Fido,Fido
86,flamescope,flamescope
87,frigga,frigga
88,genie,genie
89,glisten,glisten
90,go-env,go-env
91,go-expect,go-expect
92,go-iomux,go-iomux
93,governator,governator
94,gradle-template,gradle-template
95,hal-9001,hal-9001
96,hollow,hollow
97,hollow-reference-implementation,hollow-reference-implementation
98,hubcommander,hubcommander
99,Hystrix,Hystrix
100,iceberg,iceberg
101,iceberg-python,iceberg-python
102,iep,iep
103,iep-shadow,iep-shadow
104,image_compression_comparison,image_compression_comparison
105,inviso,inviso
106,karyon,karyon
107,lemur,lemur
108,lemur-docker,lemur-docker
109,libamicontained,libamicontained
110,Lipstick,Lipstick
111,maestro,maestro
112,mantis,mantis
113,mantis-api,mantis-api
114,mantis-cli,mantis-cli
115,mantis-connectors,mantis-connectors
116,mantis-control-plane,mantis-control-plane
117,mantis-examples,mantis-examples
118,mantis-gradle-plugin,mantis-gradle-plugin
119,mantis-helm,mantis-helm
120,mantis-mql,mantis-mql
121,mantis-rxcontrol,mantis-rxcontrol
122,mantis-rxnetty,mantis-rxnetty
123,mantis-source-jobs,mantis-source-jobs
124,mantis-ui,mantis-ui
125,matchcut,matchcut
126,metacat,metacat
127,metaflow,metaflow
128,metaflow-docs,metaflow-docs
129,metaflow-extensions-template,metaflow-extensions-template
130,metaflow-nflx-extensions,metaflow-nflx-extensions
131,metaflow-service,metaflow-service
132,metaflow-tools,metaflow-tools
133,metaflow-ui,metaflow-ui
134,metrics-client-go,metrics-client-go
135,msl,msl
136,ndbench,ndbench
137,nerror,nerror
138,netflix-commons,netflix-commons
139,netflix-graph,netflix-graph
140,netflix.github.com,netflix.github.com
141,netflixoss-npm-build-infrastructure,netflixoss-npm-build-infrastructure
142,nf-data-explorer,nf-data-explorer
143,nflx-geofeed,nflx-geofeed
144,nflxprofile,nflxprofile
145,NfWebCrypto,NfWebCrypto
146,Nicobar,Nicobar
147,ocelli,ocelli
148,octodns,octodns
149,octodns-ns1,octodns-ns1
150,octodns-route53,octodns-route53
151,octodns-ultra,octodns-ultra
152,OpenVPCal,OpenVPCal
153,osstracker,osstracker
154,p2plab,p2plab
155,photon,photon
156,PigPen,PigPen
157,pollyjs,pollyjs
158,polynote,polynote
159,Prana,Prana
160,Priam,Priam
161,probnik,probnik
162,pygenie,pygenie
163,pytheas,pytheas
164,q,q
165,Raigad,Raigad
166,ReactiveLab,ReactiveLab
167,reactivesocket-examples,reactivesocket-examples
168,read_bbrlog,read_bbrlog
169,recipes-rss,recipes-rss
170,rend,rend
171,rend-http,rend-http
172,rend-lmdb,rend-lmdb
173,repokid,repokid
174,restful-jsonapi,restful-jsonapi
175,ribbon,ribbon
176,runtime-health,runtime-health
177,rx-aws-java-sdk,rx-aws-java-sdk
178,s3mper,s3mper
179,security-bulletins,security-bulletins
180,security_monkey,security_monkey
181,servo,servo
182,sherlock,sherlock
183,signal-wrapper,signal-wrapper
184,SimianArmy,SimianArmy
185,sleepy-puppy-docker,sleepy-puppy-docker
186,spark,spark
187,spectator,spectator
188,spectator-cpp,spectator-cpp
189,spectator-go,spectator-go
190,spectator-go-runtime-metrics,spectator-go-runtime-metrics
191,spectator-js,spectator-js
192,spectator-py,spectator-py
193,spectator-py-runtime-metrics,spectator-py-runtime-metrics
194,spectator-rb,spectator-rb
195,staash,staash
196,sureal,sureal
197,suro,suro
198,Surus,Surus
199,taskintrospection,taskintrospection
200,tcplog_dumper,tcplog_dumper
201,techreports,techreports
202,titus,titus
203,titus-api-definitions,titus-api-definitions
204,titus-control-plane,titus-control-plane
205,titus-executor,titus-executor
206,titus-kube-common,titus-kube-common
207,tslint-config-netflix,tslint-config-netflix
208,Turbine,Turbine
209,unleash,unleash
210,user2020-metaflow-tutorial,user2020-metaflow-tutorial
211,vector,vector
212,vectorflow,vectorflow
213,videoannotator,videoannotator
214,virtual-kubelet,virtual-kubelet
215,vizceral,vizceral
216,vizceral-component,vizceral-component
217,vizceral-example,vizceral-example
218,vizceral-react,vizceral-react
219,vmaf,vmaf
220,vmaf_resource,vmaf_resource
221,vp9-dash,vp9-dash
222,webpack-parse-query,webpack-parse-query
223,weep,weep
224,Workflowable,Workflowable
225,x-element,x-element
226,x-test,x-test
227,yetch,yetch
228,zeno,zeno
229,zuul,zuul
